Period,MCP-Price,MCP-Buy Quantity,MCP-Sell Quantity,A1-Price,A1-Buy Quantity,A1-Sell Quantity,A2-Price,A2-Buy Quantity,A2-Sell Quantity,E1-Price,E1-Buy Quantity,E1-Sell Quantity,E2-Price,E2-Buy Quantity,E2-Sell Quantity,N1-Price,N1-Buy Quantity,N1-Sell Quantity,N2-Price,N2-Buy Quantity,N2-Sell Quantity,N3-Price,N3-Buy Quantity,N3-Sell Quantity,S1-Price,S1-Buy Quantity,S1-Sell Quantity,S2-Price,S2-Buy Quantity,S2-Sell Quantity,S3-Price,S3-Buy Quantity,S3-Sell Quantity,W1-Price,W1-Buy Quantity,W1-Sell Quantity,W2-Price,W2-Buy Quantity,W2-Sell Quantity,W3-Price,W3-Buy Quantity,W3-Sell Quantity
00:00 - 00:15,7000.78,6774.80,6774.80,7000.78,0.00,30.00,7000.78,398.10,150.00,7000.78,2815.13,892.60,7000.78,507.00,392.90,7000.78,201.70,408.00,7000.78,5.40,580.80,7000.78,0.00,200.00,7000.78,9.90,1576.50,7000.78,0.00,82.20,7000.78,0.00,155.00,7000.78,33.80,829.50,7000.78,2716.70,905.80,7000.78,87.07,571.50
00:15 - 00:30,7000.74,6736.30,6736.30,7000.74,0.00,30.00,7000.74,393.10,150.00,7000.74,2795.75,892.60,7000.74,507.00,392.90,7000.74,201.70,408.00,7000.74,5.40,602.30,7000.74,0.00,200.00,7000.74,9.90,1576.50,7000.74,0.00,82.20,7000.74,0.00,155.00,7000.74,33.80,829.50,7000.74,2684.70,905.80,7000.74,104.95,511.50
00:30 - 00:45,7000.54,6793.10,6793.10,7000.54,0.00,38.00,7000.54,388.10,150.00,7000.54,2834.94,892.60,7000.54,507.00,392.90,7000.54,201.70,408.00,7000.54,5.40,638.10,7000.54,0.00,200.00,7000.54,9.90,1576.50,7000.54,0.00,82.20,7000.54,0.00,155.00,7000.54,33.80,829.50,7000.54,2649.70,918.80,7000.54,162.56,511.50
00:45 - 01:00,6599.51,6673.60,6673.60,6599.51,0.00,38.00,6599.51,383.10,150.00,6599.51,2554.00,893.60,6599.51,507.00,392.90,6599.51,201.70,408.00,6599.51,5.40,655.10,6599.51,0.00,200.00,6599.51,9.90,1576.50,6599.51,0.00,82.20,6599.51,0.00,125.00,6599.51,33.80,829.50,6599.51,2628.70,851.30,6599.51,350.00,471.50
01:00 - 01:15,7000.11,6539.40,6539.40,7000.11,0.00,39.00,7000.11,403.10,45.00,7000.11,2523.00,868.60,7000.11,507.00,442.90,7000.11,185.60,438.00,7000.11,5.80,680.10,7000.11,0.00,200.00,7000.11,9.90,1376.50,7000.11,0.00,82.20,7000.11,0.00,135.00,7000.11,33.80,829.50,7000.11,2604.70,971.10,7000.11,266.50,431.50
01:15 - 01:30,6599.57,6503.90,6503.90,6599.57,0.00,44.00,6599.57,383.10,45.00,6599.57,2492.00,869.60,6599.57,507.00,442.90,6599.57,185.60,438.00,6599.57,5.80,710.10,6599.57,0.00,200.00,6599.57,9.90,1376.50,6599.57,0.00,82.20,6599.57,0.00,125.00,6599.57,33.80,829.50,6599.57,2586.70,909.60,6599.57,300.00,431.50
01:30 - 01:45,5301.00,6515.40,6515.40,5301.00,0.00,44.00,5301.00,363.10,45.00,5301.00,2422.50,869.60,5301.00,507.00,442.90,5301.00,335.60,538.00,5301.00,115.80,784.10,5301.00,0.00,200.00,5301.00,9.90,1476.50,5301.00,1.00,82.20,5301.00,0.00,5.00,5301.00,33.80,779.50,5301.00,2426.70,817.10,5301.00,300.00,431.50
01:45 - 02:00,5300.45,6563.40,6563.40,5300.45,0.00,44.00,5300.45,343.10,45.00,5300.45,2712.50,869.60,5300.45,507.00,442.90,5300.45,435.60,538.00,5300.45,115.80,794.10,5300.45,0.00,200.00,5300.45,9.90,1476.50,5300.45,1.00,82.20,5300.45,0.00,5.00,5300.45,33.80,779.50,5300.45,2204.70,855.10,5300.45,200.00,431.50
02:00 - 02:15,5300.35,6386.50,6386.50,5300.35,0.00,49.00,5300.35,323.10,45.00,5300.35,2763.70,870.60,5300.35,507.00,443.90,5300.35,427.50,522.00,5300.35,135.80,988.10,5300.35,0.00,200.00,5300.35,9.90,1126.10,5300.35,1.00,82.20,5300.35,0.00,5.00,5300.35,33.80,772.00,5300.35,2024.70,851.10,5300.35,160.00,431.50
02:15 - 02:30,4841.87,6594.00,6594.00,4841.87,0.00,54.00,4841.87,308.10,45.00,4841.87,3133.00,873.50,4841.87,507.00,443.90,4841.87,443.70,572.00,4841.87,135.80,1123.10,4841.87,0.00,200.00,4841.87,9.90,1127.70,4841.87,39.00,82.20,4841.87,0.00,5.00,4841.87,33.80,772.00,4841.87,1823.70,864.10,4841.87,160.00,431.50
02:30 - 02:45,4841.25,6571.00,6571.00,4841.25,0.00,61.00,4841.25,293.10,45.00,4841.25,3035.00,875.10,4841.25,507.00,443.90,4841.25,443.70,572.00,4841.25,135.80,1241.10,4841.25,0.00,200.00,4841.25,9.90,955.10,4841.25,39.00,82.20,4841.25,0.00,5.00,4841.25,33.80,772.00,4841.25,1913.70,887.10,4841.25,160.00,431.50
02:45 - 03:00,4749.85,6583.00,6583.00,4749.85,0.00,71.00,4749.85,278.10,45.00,4749.85,3232.00,877.60,4749.85,507.00,422.50,4749.85,543.70,572.00,4749.85,135.80,1342.10,4749.85,0.00,200.00,4749.85,9.90,864.00,4749.85,39.00,82.20,4749.85,0.00,5.00,4749.85,33.80,772.00,4749.85,1713.70,898.10,4749.85,90.00,431.50
03:00 - 03:15,4250.73,6431.80,6431.80,4250.73,0.00,87.00,4250.73,263.10,45.00,4250.73,3173.00,904.10,4250.73,507.00,300.10,4250.73,543.70,567.90,4250.73,128.80,1333.10,4250.73,0.00,200.00,4250.73,13.20,859.20,4250.73,43.50,50.50,4250.73,0.00,5.00,4250.73,33.80,772.00,4250.73,1635.70,876.40,4250.73,90.00,431.50
03:15 - 03:30,4202.81,6443.60,6443.60,4202.81,0.00,87.00,4202.81,243.10,45.00,4202.81,3137.00,901.20,4202.81,507.00,300.10,4202.81,543.70,567.90,4202.81,128.80,1464.10,4202.81,0.00,200.00,4202.81,13.20,762.00,4202.81,43.50,50.50,4202.81,0.00,5.00,4202.81,33.80,772.00,4202.81,1703.50,857.30,4202.81,90.00,431.50
03:30 - 03:45,4157.11,6407.90,6407.90,4157.11,0.00,87.00,4157.11,218.10,45.00,4157.11,3065.00,924.00,4157.11,507.00,300.10,4157.11,543.70,567.90,4157.11,128.80,1398.60,4157.11,0.00,200.00,4157.11,14.30,762.00,4157.11,43.50,50.50,4157.11,0.00,5.00,4157.11,33.80,772.00,4157.11,1783.70,864.30,4157.11,70.00,431.50
03:45 - 04:00,4149.48,6454.46,6454.46,4149.48,0.00,87.00,4149.48,198.10,45.00,4149.48,3045.00,930.80,4149.48,507.00,300.10,4149.48,642.10,567.90,4149.48,128.80,1463.00,4149.48,0.00,200.00,4149.48,14.46,762.00,4149.48,43.50,50.50,4149.48,0.00,5.00,4149.48,33.80,772.00,4149.48,1771.70,839.66,4149.48,70.00,431.50
04:00 - 04:15,4087.83,6441.20,6441.20,4087.83,0.00,82.00,4087.83,183.10,45.00,4087.83,2980.00,925.60,4087.83,507.00,300.10,4087.83,601.70,176.40,4087.83,113.80,1842.00,4087.83,0.00,200.00,4087.83,12.60,762.00,4087.83,43.50,78.30,4087.83,0.00,75.00,4087.83,33.80,772.00,4087.83,1905.70,751.30,4087.83,60.00,431.50
04:15 - 04:30,4148.66,6383.20,6383.20,4148.66,0.00,87.00,4148.66,158.10,45.00,4148.66,2961.00,935.60,4148.66,507.00,300.10,4148.66,601.70,176.40,4148.66,113.80,1727.00,4148.66,0.00,200.00,4148.66,12.60,762.00,4148.66,43.50,78.30,4148.66,0.00,75.00,4148.66,33.80,772.00,4148.66,1891.70,793.30,4148.66,60.00,431.50
04:30 - 04:45,4841.20,6724.20,6724.20,4841.20,0.00,90.00,4841.20,138.10,45.00,4841.20,2938.00,939.60,4841.20,507.00,443.90,4841.20,609.80,176.40,4841.20,113.80,1845.10,4841.20,0.00,200.00,4841.20,10.00,681.30,4841.20,39.00,78.30,4841.20,0.00,75.00,4841.20,33.80,772.00,4841.20,2274.70,946.10,4841.20,60.00,431.50
04:45 - 05:00,4841.61,6858.60,6858.60,4841.61,0.00,95.00,4841.61,113.10,45.00,4841.61,2851.00,949.60,4841.61,507.00,443.90,4841.61,658.20,176.40,4841.61,113.80,1815.10,4841.61,0.00,200.00,4841.61,10.00,828.70,4841.61,39.00,78.30,4841.61,0.00,75.00,4841.61,33.80,772.00,4841.61,2472.70,948.10,4841.61,60.00,431.50
05:00 - 05:15,5200.91,6974.60,6974.60,5200.91,0.00,89.00,5200.91,93.10,45.00,5200.91,2201.30,1054.60,5200.91,507.00,442.90,5200.91,722.80,201.40,5200.91,177.80,1716.10,5200.91,0.00,200.00,5200.91,10.10,915.60,5200.91,1.00,82.20,5200.91,0.00,75.00,5200.91,33.80,772.00,5200.91,3147.70,949.30,5200.91,80.00,431.50
05:15 - 05:30,5500.02,7076.60,7076.60,5500.02,0.00,91.00,5500.02,73.10,45.00,5500.02,2085.00,1066.60,5500.02,507.00,442.90,5500.02,658.10,571.40,5500.02,177.80,1449.10,5500.02,0.00,200.00,5500.02,10.10,915.60,5500.02,0.00,82.20,5500.02,0.00,75.00,5500.02,33.80,772.00,5500.02,3351.70,934.30,5500.02,180.00,431.50
05:30 - 05:45,5000.68,7409.60,7409.60,5000.68,0.00,92.00,5000.68,58.10,45.00,5000.68,1923.00,1067.60,5000.68,507.00,442.90,5000.68,603.50,1001.40,5000.68,177.80,1379.10,5000.68,0.00,200.00,5000.68,10.10,915.60,5000.68,13.60,82.20,5000.68,0.00,75.00,5000.68,33.80,772.00,5000.68,3832.70,905.30,5000.68,250.00,431.50
05:45 - 06:00,5000.09,7278.60,7278.60,5000.09,0.00,95.00,5000.09,38.10,45.00,5000.09,1470.00,1070.60,5000.09,507.00,442.90,5000.09,516.50,1001.40,5000.09,177.80,1263.10,5000.09,0.00,200.00,5000.09,10.10,915.60,5000.09,36.60,82.20,5000.09,0.00,75.00,5000.09,33.80,772.00,5000.09,4238.70,884.30,5000.09,250.00,431.50
06:00 - 06:15,5000.45,7564.80,7564.80,5000.45,0.00,92.00,5000.45,8.10,45.00,5000.45,1342.00,1084.60,5000.45,455.00,451.50,5000.45,484.20,1339.10,5000.45,5.80,1092.10,5000.45,0.00,200.00,5000.45,51.01,1032.00,5000.45,444.19,82.30,5000.45,0.00,5.00,5000.45,33.80,874.20,5000.45,4540.70,831.60,5000.45,200.00,435.40
06:15 - 06:30,5102.57,7427.10,7427.10,5102.57,0.00,88.00,5102.57,33.10,45.00,5102.57,1164.00,1065.60,5102.57,455.00,451.50,5102.57,500.30,1339.10,5102.57,5.80,1080.10,5102.57,0.00,200.00,5102.57,36.10,937.30,5102.57,417.30,82.30,5102.57,0.00,5.00,5102.57,33.80,874.20,5102.57,4581.70,823.60,5102.57,200.00,435.40
06:30 - 06:45,6599.46,7782.10,7782.10,6599.46,0.00,91.00,6599.46,8.10,45.00,6599.46,1026.00,1050.60,6599.46,455.00,451.50,6599.46,516.50,1339.10,6599.46,5.80,1078.30,6599.46,0.00,200.00,6599.46,10.20,1094.10,6599.46,600.00,82.30,6599.46,0.00,95.00,6599.46,33.80,924.20,6599.46,4926.70,895.60,6599.46,200.00,435.40
06:45 - 07:00,6989.32,7887.20,7887.20,6989.32,0.00,95.00,6989.32,23.10,45.00,6989.32,882.00,1033.60,6989.32,455.00,451.50,6989.32,532.60,1339.10,6989.32,5.80,1092.70,6989.32,0.00,200.00,6989.32,10.20,1094.10,6989.32,600.00,82.30,6989.32,0.00,98.20,6989.32,33.80,924.30,6989.32,5144.70,996.00,6989.32,200.00,435.40
07:00 - 07:15,5500.95,7941.60,7941.60,5500.95,0.00,108.00,5500.95,63.10,150.00,5500.95,660.00,1023.60,5500.95,455.00,451.50,5500.95,569.15,1336.20,5500.95,167.40,1102.00,5500.95,0.00,200.00,5500.95,21.55,1394.10,5500.95,606.90,82.30,5500.95,0.00,5.00,5500.95,38.80,874.40,5500.95,5159.70,779.10,5500.95,200.00,435.40
07:15 - 07:30,6599.21,8095.40,8095.40,6599.21,0.00,109.00,6599.21,68.10,150.00,6599.21,660.00,1013.60,6599.21,455.00,451.50,6599.21,605.20,1336.20,6599.21,304.40,1102.00,6599.21,0.00,200.00,6599.21,10.20,1394.10,6599.21,600.00,82.30,6599.21,0.00,95.00,6599.21,38.80,924.40,6599.21,5153.70,801.90,6599.21,200.00,435.40
07:30 - 07:45,6469.42,7979.70,7979.70,6469.42,0.00,109.00,6469.42,68.10,150.00,6469.42,660.00,1004.60,6469.42,455.00,451.50,6469.42,637.50,1336.20,6469.42,362.40,1090.00,6469.42,0.00,200.00,6469.42,10.20,1394.10,6469.42,400.00,82.30,6469.42,0.00,95.00,6469.42,38.80,895.50,6469.42,5147.70,736.10,6469.42,200.00,435.40
07:45 - 08:00,5989.66,7897.00,7897.00,5989.66,0.00,110.00,5989.66,68.10,150.00,5989.66,710.00,994.60,5989.66,455.00,451.50,5989.66,613.30,1336.20,5989.66,385.40,1092.00,5989.66,0.00,200.00,5989.66,10.70,1394.10,5989.66,300.00,82.30,5989.66,0.00,64.10,5989.66,38.80,874.70,5989.66,5135.70,712.10,5989.66,180.00,435.40
08:00 - 08:15,5094.09,7163.30,7163.30,5094.09,0.00,115.00,5094.09,68.10,150.00,5094.09,710.00,984.60,5094.09,455.00,448.60,5094.09,1005.20,1292.30,5094.09,56.00,1063.70,5094.09,0.00,200.00,5094.09,46.70,833.80,5094.09,17.80,82.30,5094.09,0.00,5.00,5094.09,38.80,870.10,5094.09,4625.70,682.50,5094.09,140.00,435.40
08:15 - 08:30,5102.00,7213.50,7213.50,5102.00,0.00,112.00,5102.00,73.10,150.00,5102.00,710.00,981.60,5102.00,455.00,448.60,5102.00,1005.20,1142.30,5102.00,56.00,1082.70,5102.00,0.00,200.00,5102.00,40.40,1031.80,5102.00,17.30,82.30,5102.00,0.00,5.00,5102.00,38.80,870.30,5102.00,4677.70,671.50,5102.00,140.00,435.40
08:30 - 08:45,5102.25,7033.50,7033.50,5102.25,0.00,109.00,5102.25,78.10,150.00,5102.25,710.00,963.60,5102.25,455.00,448.60,5102.25,1005.20,692.30,5102.25,56.00,1084.70,5102.25,0.00,200.00,5102.25,40.40,1320.60,5102.25,17.30,82.30,5102.25,0.00,5.00,5102.25,38.80,870.50,5102.25,4532.70,671.50,5102.25,100.00,435.40
08:45 - 09:00,5269.16,7079.20,7079.20,5269.16,0.00,106.00,5269.16,83.10,150.00,5269.16,760.00,933.60,5269.16,455.00,448.60,5269.16,981.00,508.20,5269.16,56.00,1082.70,5269.16,0.00,200.00,5269.16,34.10,1591.80,5269.16,14.50,82.30,5269.16,0.00,5.00,5269.16,38.80,870.70,5269.16,4606.70,664.90,5269.16,50.00,435.40
09:00 - 09:15,5102.16,7053.20,7053.20,5102.16,0.00,116.00,5102.16,52.60,90.00,5102.16,860.00,913.60,5102.16,455.00,447.90,5102.16,1091.70,484.30,5102.16,176.50,1011.20,5102.16,0.00,200.00,5102.16,41.90,1565.20,5102.16,1.00,82.30,5102.16,0.00,5.00,5102.16,38.80,920.80,5102.16,4285.70,691.50,5102.16,50.00,525.40
09:15 - 09:30,5469.28,7174.30,7174.30,5469.28,0.00,111.00,5469.28,77.60,90.00,5469.28,860.00,887.60,5469.28,455.00,447.90,5469.28,1091.70,412.00,5469.28,176.50,931.20,5469.28,0.00,200.00,5469.28,33.00,1869.40,5469.28,0.00,82.30,5469.28,0.00,5.00,5469.28,38.80,921.00,5469.28,4391.70,691.50,5469.28,50.00,525.40
09:30 - 09:45,5500.05,7287.70,7287.70,5500.05,0.00,110.00,5500.05,122.60,90.00,5500.05,910.00,858.60,5500.05,455.00,447.90,5500.05,1031.20,484.30,5500.05,176.50,862.20,5500.05,0.00,200.00,5500.05,32.90,1969.40,5500.05,0.00,82.30,5500.05,0.00,5.00,5500.05,38.80,921.10,5500.05,4470.70,691.50,5500.05,50.00,565.40
09:45 - 10:00,5500.22,7336.70,7336.70,5500.22,0.00,105.00,5500.22,147.60,90.00,5500.22,936.00,848.60,5500.22,455.00,447.90,5500.22,962.30,484.30,5500.22,176.50,811.20,5500.22,0.00,200.00,5500.22,31.80,2069.40,5500.22,0.00,82.30,5500.22,0.00,5.00,5500.22,38.80,921.10,5500.22,4538.70,691.50,5500.22,50.00,580.40
10:00 - 10:15,5500.63,7203.10,7203.10,5500.63,0.00,70.00,5500.63,218.00,90.00,5500.63,931.00,848.60,5500.63,455.00,447.60,5500.63,824.50,444.30,5500.63,166.90,734.10,5500.63,0.00,200.00,5500.63,10.20,2074.40,5500.63,0.00,82.30,5500.63,0.00,5.00,5500.63,38.80,1000.90,5500.63,4508.70,690.50,5500.63,50.00,515.40
10:15 - 10:30,6469.17,7151.20,7151.20,6469.17,0.00,70.00,6469.17,228.00,90.00,6469.17,962.00,853.60,6469.17,455.00,447.60,6469.17,675.60,274.30,6469.17,166.90,713.60,6469.17,0.00,200.00,6469.17,10.20,2074.40,6469.17,0.00,82.30,6469.17,0.00,105.00,6469.17,38.80,1034.50,6469.17,4564.70,690.50,6469.17,50.00,515.40
10:30 - 10:45,6599.62,7548.20,7548.20,6599.62,0.00,70.00,6599.62,238.00,90.00,6599.62,1004.00,853.60,6599.62,455.00,447.60,6599.62,675.60,274.30,6599.62,166.90,694.60,6599.62,0.00,200.00,6599.62,10.20,2324.40,6599.62,0.00,82.30,6599.62,0.00,105.00,6599.62,38.80,1076.10,6599.62,4909.70,814.90,6599.62,50.00,515.40
10:45 - 11:00,8068.81,7694.20,7694.20,8068.81,0.00,70.00,8068.81,253.00,90.00,8068.81,1152.00,851.60,8068.81,455.00,447.60,8068.81,645.60,274.30,8068.81,6.90,672.60,8068.81,0.00,200.00,8068.81,10.20,2324.40,8068.81,0.00,82.30,8068.81,0.00,125.00,8068.81,38.80,1076.00,8068.81,5132.70,965.00,8068.81,0.00,515.40
11:00 - 11:15,7100.84,7767.70,7767.70,7100.84,0.00,72.00,7100.84,233.00,90.00,7100.84,1107.50,856.60,7100.84,455.00,507.60,7100.84,645.60,159.70,7100.84,6.90,778.20,7100.84,0.00,200.00,7100.84,10.20,2424.40,7100.84,0.00,82.30,7100.84,0.00,115.00,7100.84,33.80,1076.00,7100.84,5275.70,890.50,7100.84,0.00,515.40
11:15 - 11:30,7200.18,7901.70,7901.70,7200.18,0.00,72.00,7200.18,248.00,90.00,7200.18,1220.60,856.60,7200.18,455.00,507.60,7200.18,637.50,159.70,7200.18,6.90,862.20,7200.18,0.00,200.00,7200.18,10.20,2474.40,7200.18,0.00,82.30,7200.18,0.00,115.00,7200.18,33.80,1076.00,7200.18,5289.70,890.50,7200.18,0.00,515.40
11:30 - 11:45,7510.64,7983.60,7983.60,7510.64,0.00,70.00,7510.64,258.00,90.00,7510.64,1315.00,856.60,7510.64,455.00,507.60,7510.64,681.90,159.70,7510.64,6.90,946.20,7510.64,0.00,200.00,7510.64,10.20,2474.40,7510.64,0.00,82.30,7510.64,0.00,115.00,7510.64,33.80,1075.90,7510.64,5222.80,890.50,7510.64,0.00,515.40
11:45 - 12:00,7510.69,8057.80,8057.80,7510.69,0.00,70.00,7510.69,268.00,90.00,7510.69,1407.00,856.60,7510.69,455.00,507.60,7510.69,681.90,159.70,7510.69,6.90,1020.20,7510.69,0.00,200.00,7510.69,10.20,2474.40,7510.69,0.00,82.30,7510.69,0.00,115.00,7510.69,33.80,1076.10,7510.69,5195.00,890.50,7510.69,0.00,515.40
12:00 - 12:15,8730.50,8439.10,8439.10,8730.50,0.00,78.00,8730.50,303.00,90.00,8730.50,1405.00,855.70,8730.50,455.00,506.80,8730.50,673.80,159.70,8730.50,5.90,1409.60,8730.50,0.00,200.00,8730.50,9.90,2371.60,8730.50,0.00,82.30,8730.50,0.00,125.00,8730.50,33.80,1076.20,8730.50,5552.70,968.80,8730.50,0.00,515.40
12:15 - 12:30,8730.21,8401.00,8401.00,8730.21,0.00,78.00,8730.21,308.00,90.00,8730.21,1415.00,857.70,8730.21,455.00,506.80,8730.21,657.70,159.70,8730.21,5.90,1369.40,8730.21,0.00,200.00,8730.21,9.90,2371.60,8730.21,0.00,82.30,8730.21,0.00,125.00,8730.21,33.80,1076.30,8730.21,5515.70,968.80,8730.21,0.00,515.40
12:30 - 12:45,8730.82,8351.60,8351.60,8730.82,0.00,78.00,8730.82,318.00,90.00,8730.82,1285.00,857.70,8730.82,455.00,506.80,8730.82,613.30,139.90,8730.82,5.90,1389.60,8730.82,0.00,200.00,8730.82,9.90,2321.60,8730.82,0.00,82.30,8730.82,0.00,125.00,8730.82,33.80,1076.50,8730.82,5630.70,968.80,8730.82,0.00,515.40
12:45 - 13:00,7600.84,8306.40,8306.40,7600.84,0.00,78.00,7600.84,323.00,90.00,7600.84,1302.20,863.70,7600.84,455.00,506.80,7600.84,572.90,139.90,7600.84,5.90,1525.20,7600.84,0.00,200.00,7600.84,9.90,2221.60,7600.84,0.00,82.30,7600.84,0.00,115.00,7600.84,33.80,1076.50,7600.84,5603.70,892.00,7600.84,0.00,515.40
13:00 - 13:15,7000.06,8625.20,8625.20,7000.06,0.00,60.00,7000.06,333.00,90.00,7000.06,1378.00,863.70,7000.06,455.00,506.50,7000.06,567.54,139.90,7000.06,148.16,2112.20,7000.06,0.00,200.00,7000.06,10.00,1971.60,7000.06,0.00,82.30,7000.06,0.00,115.00,7000.06,33.80,1076.60,7000.06,5699.70,892.00,7000.06,0.00,515.40
13:15 - 13:30,5989.48,8641.10,8641.10,5989.48,0.00,60.00,5989.48,338.00,90.00,5989.48,1380.00,860.70,5989.48,455.00,506.50,5989.48,568.70,139.90,5989.48,156.90,2443.20,5989.48,0.00,200.00,5989.48,10.00,1971.60,5989.48,0.00,82.30,5989.48,0.00,52.90,5989.48,33.80,1026.60,5989.48,5698.70,692.00,5989.48,0.00,515.40
13:30 - 13:45,6599.96,8907.10,8907.10,6599.96,0.00,52.00,6599.96,348.00,90.00,6599.96,1421.00,860.70,6599.96,455.00,506.50,6599.96,568.70,139.90,6599.96,156.90,2423.20,6599.96,0.00,200.00,6599.96,10.00,1971.60,6599.96,0.00,82.30,6599.96,0.00,105.00,6599.96,33.80,1076.70,6599.96,5913.70,883.80,6599.96,0.00,515.40
13:45 - 14:00,7000.10,8981.10,8981.10,7000.10,0.00,52.00,7000.10,353.00,90.00,7000.10,1477.00,857.70,7000.10,455.00,506.50,7000.10,566.70,139.90,7000.10,141.90,2422.20,7000.10,0.00,200.00,7000.10,10.00,1971.60,7000.10,0.00,82.30,7000.10,0.00,115.00,7000.10,33.80,1076.50,7000.10,5943.70,892.00,7000.10,0.00,575.40
14:00 - 14:15,5500.76,8690.10,8690.10,5500.76,0.00,50.00,5500.76,363.00,90.00,5500.76,1278.00,832.70,5500.76,454.00,506.50,5500.76,560.60,145.90,5500.76,66.90,2325.40,5500.76,0.00,300.00,5500.76,10.10,1978.70,5500.76,0.00,82.30,5500.76,0.00,5.00,5500.76,33.80,1004.20,5500.76,5923.70,692.00,5500.76,0.00,677.40
14:15 - 14:30,5989.67,8741.50,8741.50,5989.67,0.00,50.00,5989.67,368.00,90.00,5989.67,1355.00,832.70,5989.67,454.00,506.50,5989.67,468.00,145.90,5989.67,66.90,2255.40,5989.67,0.00,300.00,5989.67,10.10,1978.70,5989.67,0.00,82.30,5989.67,0.00,71.80,5989.67,33.80,1028.80,5989.67,5985.70,692.00,5989.67,0.00,707.40
14:30 - 14:45,7000.76,8805.00,8805.00,7000.76,0.00,50.00,7000.76,378.00,90.00,7000.76,1409.00,832.70,7000.76,454.00,506.50,7000.76,500.30,145.90,7000.76,21.10,2224.40,7000.76,0.00,300.00,7000.76,10.10,1780.10,7000.76,0.00,82.30,7000.76,0.00,85.00,7000.76,33.80,1078.70,7000.76,5998.70,892.00,7000.76,0.00,737.40
14:45 - 15:00,7510.98,8749.90,8749.90,7510.98,0.00,50.00,7510.98,388.00,90.00,7510.98,1438.00,832.70,7510.98,454.00,506.50,7510.98,500.30,145.90,7510.98,6.90,2169.40,7510.98,0.00,300.00,7510.98,10.10,1780.10,7510.98,0.00,82.30,7510.98,0.00,85.00,7510.98,33.80,1078.60,7510.98,5918.80,892.00,7510.98,0.00,737.40
15:00 - 15:15,8550.47,8463.40,8463.40,8550.47,0.00,50.00,8550.47,393.00,90.00,8550.47,1145.60,870.70,8550.47,454.00,449.50,8550.47,500.30,155.90,8550.47,6.90,1667.40,8550.47,0.00,400.00,8550.47,10.10,1782.60,8550.47,0.00,87.50,8550.47,0.00,105.00,8550.47,33.80,1098.60,8550.47,5919.70,968.80,8550.47,0.00,737.40
15:15 - 15:30,8550.64,8314.30,8314.30,8550.64,0.00,50.00,8550.64,388.00,90.00,8550.64,1004.50,870.70,8550.64,454.00,449.50,8550.64,500.30,155.90,8550.64,6.90,1498.40,8550.64,0.00,400.00,8550.64,10.10,1782.60,8550.64,0.00,87.50,8550.64,0.00,105.00,8550.64,33.80,1118.50,8550.64,5916.70,968.80,8550.64,0.00,737.40
15:30 - 15:45,8550.44,8243.20,8243.20,8550.44,0.00,50.00,8550.44,383.00,90.00,8550.44,1069.40,870.70,8550.44,454.00,449.50,8550.44,500.30,155.90,8550.44,6.90,1507.40,8550.44,0.00,400.00,8550.44,10.10,1682.60,8550.44,0.00,87.50,8550.44,0.00,105.00,8550.44,33.80,1138.40,8550.44,5785.70,968.80,8550.44,0.00,737.40
15:45 - 16:00,8000.41,8233.90,8233.90,8000.41,0.00,50.00,8000.41,373.00,90.00,8000.41,1043.80,860.70,8000.41,454.00,449.50,8000.41,532.60,155.90,8000.41,6.90,1520.40,8000.41,0.00,400.00,8000.41,10.10,1682.60,8000.41,0.00,87.50,8000.41,0.00,105.00,8000.41,33.80,1138.30,8000.41,5779.70,956.60,8000.41,0.00,737.40
16:00 - 16:15,6599.30,8498.60,8498.60,6599.30,0.00,50.00,6599.30,310.60,90.00,6599.30,1449.00,840.70,6599.30,454.00,424.50,6599.30,584.90,865.60,6599.30,197.50,1499.40,6599.30,0.00,600.00,6599.30,10.10,1412.60,6599.30,0.00,87.50,6599.30,0.00,85.00,6599.30,33.80,1085.40,6599.30,5458.70,722.50,6599.30,0.00,735.40
16:15 - 16:30,6469.01,8393.60,8393.60,6469.01,0.00,50.00,6469.01,310.60,90.00,6469.01,1342.00,842.70,6469.01,454.00,424.50,6469.01,584.90,865.60,6469.01,197.50,1502.40,6469.01,0.00,600.00,6469.01,10.10,1412.60,6469.01,0.00,87.50,6469.01,0.00,85.00,6469.01,33.80,1035.90,6469.01,5460.70,662.00,6469.01,0.00,735.40
16:30 - 16:45,5989.21,8025.60,8025.60,5989.21,0.00,50.00,5989.21,320.60,90.00,5989.21,1273.00,835.70,5989.21,454.00,424.50,5989.21,584.90,865.60,5989.21,197.50,1505.24,5989.21,0.00,600.00,5989.21,10.10,1112.60,5989.21,0.00,87.50,5989.21,0.00,21.96,5989.21,33.80,1035.10,5989.21,5151.70,662.00,5989.21,0.00,735.40
16:45 - 17:00,5639.21,7903.60,7903.60,5639.21,0.00,50.00,5639.21,325.60,90.00,5639.21,1159.00,818.70,5639.21,454.00,424.50,5639.21,584.90,765.60,5639.21,197.50,1540.24,5639.21,0.00,600.00,5639.21,10.10,1112.60,5639.21,0.00,87.50,5639.21,0.00,5.00,5639.21,33.80,1012.06,5639.21,5138.70,662.00,5639.21,0.00,735.40
17:00 - 17:15,5500.22,7968.59,7968.59,5500.22,0.00,50.00,5500.22,362.00,90.00,5500.22,1261.00,818.70,5500.22,454.00,374.50,5500.22,681.59,1252.90,5500.22,177.50,1150.09,5500.22,0.00,700.00,5500.22,10.00,1107.60,5500.22,0.00,87.50,5500.22,0.00,5.00,5500.22,33.80,934.90,5500.22,4838.70,662.00,5500.22,150.00,735.40
17:15 - 17:30,5102.41,7710.10,7710.10,5102.41,0.00,50.00,5102.41,407.20,90.00,5102.41,1344.00,810.70,5102.41,454.00,374.50,5102.41,714.90,1252.90,5102.41,177.50,1132.70,5102.41,0.00,700.00,5102.41,10.00,894.60,5102.41,1.00,87.50,5102.41,0.00,5.00,5102.41,33.80,934.80,5102.41,4317.70,662.00,5102.41,250.00,715.40
17:30 - 17:45,5069.99,7304.70,7304.70,5069.99,0.00,40.00,5069.99,418.80,90.00,5069.99,1481.00,810.70,5069.99,454.00,299.50,5069.99,664.90,1250.90,5069.99,177.50,943.60,5069.99,0.00,700.00,5069.99,10.00,745.50,5069.99,1.00,87.50,5069.99,0.00,5.00,5069.99,33.80,934.60,5069.99,3793.70,662.00,5069.99,270.00,735.40
17:45 - 18:00,6200.48,7920.00,7920.00,6200.48,0.00,0.00,6200.48,470.60,90.00,6200.48,2001.00,810.70,6200.48,454.00,299.50,6200.48,621.40,1252.90,6200.48,177.50,1094.90,6200.48,0.00,700.00,6200.48,10.00,1107.60,6200.48,400.00,87.50,6200.48,0.00,85.00,6200.48,33.80,934.50,6200.48,3481.70,662.00,6200.48,270.00,795.40
18:00 - 18:15,5989.74,8066.00,8066.00,5989.74,20.00,2.00,5989.74,546.70,90.00,5989.74,2015.00,614.00,5989.74,664.00,301.80,5989.74,621.40,1073.30,5989.74,128.00,1539.70,5989.74,0.00,700.00,5989.74,4.60,1228.20,5989.74,500.00,87.50,5989.74,0.00,63.90,5989.74,23.60,903.10,5989.74,3262.70,667.10,5989.74,280.00,795.40
18:15 - 18:30,8000.67,7617.10,7617.10,8000.67,0.00,4.00,8000.67,570.60,90.00,8000.67,1909.00,612.00,8000.67,664.00,301.80,8000.67,629.40,598.30,8000.67,8.00,1574.70,8000.67,0.00,700.00,8000.67,1.70,928.20,8000.67,500.00,87.50,8000.67,0.00,105.00,8000.67,23.60,953.10,8000.67,3194.70,867.10,8000.67,116.10,795.40
18:30 - 18:45,8400.50,7217.60,7217.60,8400.50,0.00,4.00,8400.50,580.60,90.00,8400.50,1467.60,604.00,8400.50,764.00,301.80,8400.50,629.40,520.80,8400.50,8.00,1360.70,8400.50,0.00,700.00,8400.50,1.70,828.20,8400.50,700.00,87.50,8400.50,0.00,105.00,8400.50,23.60,953.10,8400.50,3042.70,867.10,8400.50,0.00,795.40
18:45 - 19:00,9150.65,7160.30,7160.30,9150.65,0.00,4.00,9150.65,600.60,90.00,9150.65,1312.30,609.00,9150.65,764.00,301.80,9150.65,629.40,494.90,9150.65,8.00,1374.30,9150.65,0.00,700.00,9150.65,1.70,828.20,9150.65,700.00,87.50,9150.65,0.00,5.00,9150.65,23.60,953.10,9150.65,3120.70,917.10,9150.65,0.00,795.40
19:00 - 19:15,10050.04,7468.40,7468.40,10050.04,0.00,8.00,10050.04,605.60,140.00,10050.04,2030.30,612.70,10050.04,664.00,307.30,10050.04,0.00,940.80,10050.04,7.40,1289.30,10050.04,0.00,700.00,10050.04,1.80,934.90,10050.04,1000.00,87.70,10050.04,0.00,5.00,10050.04,23.60,735.10,10050.04,3135.70,912.20,10050.04,0.00,795.40
19:15 - 19:30,10050.31,7148.40,7148.40,10050.31,0.00,8.00,10050.31,605.60,140.00,10050.31,1726.30,617.70,10050.31,664.00,307.30,10050.31,0.00,715.80,10050.31,7.40,1189.30,10050.31,0.00,700.00,10050.31,1.80,934.90,10050.31,1000.00,87.70,10050.31,0.00,5.00,10050.31,23.60,735.10,10050.31,3119.70,912.20,10050.31,0.00,795.40
19:30 - 19:45,10393.42,7206.10,7206.10,10393.42,0.00,9.00,10393.42,610.60,140.00,10393.42,2144.00,620.70,10393.42,664.00,307.30,10393.42,0.00,715.80,10393.42,7.40,1263.00,10393.42,0.00,700.00,10393.42,1.80,934.90,10393.42,900.00,87.70,10393.42,0.00,5.00,10393.42,23.60,715.10,10393.42,2854.70,912.20,10393.42,0.00,795.40
19:45 - 20:00,11000.41,7239.00,7239.00,11000.41,0.00,9.00,11000.41,610.60,140.00,11000.41,2023.30,622.70,11000.41,664.00,307.30,11000.41,0.00,640.80,11000.41,7.40,1388.90,11000.41,0.00,700.00,11000.41,1.80,934.90,11000.41,900.00,87.70,11000.41,0.00,5.00,11000.41,23.60,695.10,11000.41,2794.70,912.20,11000.41,213.60,795.40
20:00 - 20:15,9943.56,7437.90,7437.90,9943.56,0.00,10.00,9943.56,615.60,140.00,9943.56,2319.10,626.70,9943.56,739.00,307.30,9943.56,0.00,715.30,9943.56,21.20,1328.30,9943.56,0.00,700.00,9943.56,1.70,1134.90,9943.56,800.00,87.70,9943.56,0.00,5.00,9943.56,23.60,675.10,9943.56,2567.70,912.20,9943.56,350.00,795.40
20:15 - 20:30,9250.64,7325.40,7325.40,9250.64,0.00,12.00,9250.64,595.60,140.00,9250.64,1606.80,627.70,9250.64,739.00,307.30,9250.64,669.80,690.30,9250.64,21.20,1237.80,9250.64,0.00,700.00,9250.64,1.70,1134.90,9250.64,800.00,87.70,9250.64,0.00,5.00,9250.64,23.60,675.10,9250.64,2517.70,912.20,9250.64,350.00,795.40
20:30 - 20:45,9000.44,7364.40,7364.40,9000.44,0.00,12.00,9000.44,580.60,140.00,9000.44,1429.40,627.70,9000.44,739.00,307.30,9000.44,605.20,690.30,9000.44,21.20,1276.80,9000.44,0.00,700.00,9000.44,1.70,1134.90,9000.44,800.00,87.70,9000.44,0.00,5.00,9000.44,23.60,675.10,9000.44,2783.70,912.20,9000.44,380.00,795.40
20:45 - 21:00,8800.32,7466.40,7466.40,8800.32,0.00,10.00,8800.32,585.60,140.00,8800.32,1565.40,632.70,8800.32,739.00,307.30,8800.32,605.20,690.30,8800.32,21.20,1375.80,8800.32,0.00,700.00,8800.32,1.70,1134.90,8800.32,800.00,87.70,8800.32,0.00,5.00,8800.32,23.60,675.10,8800.32,2744.70,912.20,8800.32,380.00,795.40
21:00 - 21:15,8350.15,7010.50,7010.50,8350.15,0.00,10.00,8350.15,575.60,140.00,8350.15,1774.90,638.80,8350.15,664.00,310.90,8350.15,605.20,383.50,8350.15,22.90,1362.90,8350.15,0.00,600.00,8350.15,1.60,1134.40,8350.15,700.00,82.30,8350.15,0.00,5.00,8350.15,23.60,685.10,8350.15,2642.70,862.20,8350.15,0.00,795.40
21:15 - 21:30,8350.12,7003.50,7003.50,8350.12,0.00,12.00,8350.12,555.60,140.00,8350.12,1809.90,638.80,8350.12,664.00,310.90,8350.12,605.20,383.50,8350.12,22.90,1353.90,8350.12,0.00,600.00,8350.12,1.60,1134.40,8350.12,700.00,82.30,8350.12,0.00,5.00,8350.12,23.60,685.10,8350.12,2620.70,862.20,8350.12,0.00,795.40
21:30 - 21:45,8100.23,6795.50,6795.50,8100.23,0.00,12.00,8100.23,535.60,140.00,8100.23,1624.90,641.80,8100.23,664.00,310.90,8100.23,605.20,383.50,8100.23,22.90,1242.90,8100.23,0.00,500.00,8100.23,1.60,1134.40,8100.23,700.00,82.30,8100.23,0.00,5.00,8100.23,28.60,685.10,8100.23,2612.70,862.20,8100.23,0.00,795.40
21:45 - 22:00,8100.11,6914.50,6914.50,8100.11,0.00,14.00,8100.11,515.60,140.00,8100.11,1767.90,643.80,8100.11,664.00,310.90,8100.11,605.20,483.50,8100.11,22.90,1257.90,8100.11,0.00,500.00,8100.11,1.60,1134.40,8100.11,700.00,82.30,8100.11,0.00,5.00,8100.11,28.60,685.10,8100.11,2608.70,862.20,8100.11,0.00,795.40
22:00 - 22:15,8250.30,6579.20,6579.20,8250.30,0.00,30.00,8250.30,545.60,140.00,8250.30,1570.60,678.80,8250.30,664.00,310.90,8250.30,556.80,445.80,8250.30,14.30,769.40,8250.30,0.00,300.00,8250.30,1.60,1392.30,8250.30,600.00,82.20,8250.30,0.00,5.00,8250.30,28.60,735.10,8250.30,2597.70,894.30,8250.30,0.00,795.40
22:15 - 22:30,8250.42,6429.20,6429.20,8250.42,0.00,34.00,8250.42,530.60,140.00,8250.42,1422.90,678.80,8250.42,664.00,310.90,8250.42,556.80,356.70,8250.42,14.30,704.50,8250.42,0.00,300.00,8250.42,1.60,1392.30,8250.42,600.00,82.20,8250.42,0.00,5.00,8250.42,34.30,735.10,8250.42,2604.70,894.30,8250.42,0.00,795.40
22:30 - 22:45,8050.15,6551.60,6551.60,8050.15,0.00,37.00,8050.15,515.60,140.00,8050.15,1743.00,681.80,8050.15,664.00,310.90,8050.15,476.10,346.20,8050.15,14.30,638.50,8050.15,0.00,300.00,8050.15,1.60,1585.20,8050.15,500.00,82.20,8050.15,0.00,5.00,8050.15,34.30,735.10,8050.15,2602.70,894.30,8050.15,0.00,795.40
22:45 - 23:00,8050.06,6514.60,6514.60,8050.06,0.00,37.00,8050.06,500.60,140.00,8050.06,1828.80,681.80,8050.06,664.00,310.90,8050.06,379.30,346.20,8050.06,14.30,601.50,8050.06,0.00,300.00,8050.06,1.60,1585.20,8050.06,500.00,82.20,8050.06,0.00,5.00,8050.06,34.30,735.10,8050.06,2591.70,894.30,8050.06,0.00,795.40
23:00 - 23:15,7000.30,6898.50,6898.50,7000.30,13.90,28.00,7000.30,485.60,100.00,7000.30,2218.00,885.70,7000.30,455.00,304.50,7000.30,347.00,604.30,7000.30,6.40,593.50,7000.30,0.00,200.00,7000.30,1.60,1677.50,7000.30,400.00,82.20,7000.30,0.00,5.00,7000.30,34.30,688.10,7000.30,2536.70,894.30,7000.30,400.00,835.40
23:15 - 23:30,7100.47,6826.50,6826.50,7100.47,0.00,22.00,7100.47,490.60,100.00,7100.47,2218.00,885.70,7100.47,455.00,304.50,7100.47,347.00,604.30,7100.47,6.40,577.50,7100.47,0.00,200.00,7100.47,1.60,1677.50,7100.47,400.00,82.20,7100.47,0.00,5.00,7100.47,34.30,688.10,7100.47,2473.60,894.30,7100.47,400.00,785.40
23:30 - 23:45,6400.89,6591.50,6591.50,6400.89,20.00,24.00,6400.89,445.60,100.00,6400.89,2289.90,890.70,6400.89,455.00,304.50,6400.89,347.00,604.30,6400.89,126.40,605.50,6400.89,0.00,200.00,6400.89,1.60,1677.50,6400.89,0.00,82.20,6400.89,0.00,5.00,6400.89,34.30,638.10,6400.89,2471.70,694.30,6400.89,400.00,765.40
23:45 - 24:00,6400.61,6595.50,6595.50,6400.61,20.00,26.00,6400.61,405.60,100.00,6400.61,2428.30,890.70,6400.61,455.00,304.50,6400.61,306.60,604.30,6400.61,126.40,627.50,6400.61,0.00,200.00,6400.61,1.60,1677.50,6400.61,0.00,82.20,6400.61,0.00,5.00,6400.61,34.30,638.10,6400.61,2417.70,694.30,6400.61,400.00,745.40
Min,4087.83,6383.20,6383.20,4087.83,0.00,0.00,4087.83,8.10,45.00,4087.83,660.00,604.00,4087.83,454.00,299.50,4087.83,0.00,139.90,4087.83,5.40,577.50,4087.83,0.00,200.00,4087.83,1.60,681.30,4087.83,0.00,50.50,4087.83,0.00,5.00,4087.83,23.60,638.10,4087.83,1635.70,662.00,4087.83,0.00,431.50
Max,11000.41,8981.10,8981.10,11000.41,20.00,116.00,11000.41,615.60,150.00,11000.41,3232.00,1084.60,11000.41,764.00,507.60,11000.41,1091.70,1339.10,11000.41,385.40,2443.20,11000.41,0.00,700.00,11000.41,51.01,2474.40,11000.41,1000.00,87.70,11000.41,0.00,155.00,11000.41,38.80,1138.40,11000.41,5998.70,996.00,11000.41,400.00,835.40
Average,6690.71,7410.30,7410.30,6690.71,0.77,57.45,6690.71,320.99,95.00,6690.71,1710.04,846.11,6690.71,516.58,404.90,6690.71,553.70,567.22,6690.71,85.37,1240.42,6690.71,0.00,331.25,6690.71,11.31,1420.61,6690.71,209.88,82.10,6690.71,0.00,52.32,6690.71,33.02,880.63,6690.71,3857.89,836.51,6690.71,110.74,595.79
Sum,642308.42,711388.85,711388.85,642308.42,73.90,5515.00,642308.42,30815.50,9120.00,642308.42,164164.02,81226.50,642308.42,49592.00,38870.20,642308.42,53155.38,54452.80,642308.42,8195.26,119080.47,642308.42,0.00,31800.00,642308.42,1086.22,136378.10,642308.42,20148.49,7881.60,642308.42,0.00,5022.86,642308.42,3169.90,84540.66,642308.42,370357.40,80304.86,642308.42,10630.78,57195.80
